stop_codon	plus4_nt	plus5_nt	plus6_nt	termination_context_plus1_to_plus6	readthrough_measure	readthrough_standard_error	readthrough_units	cell_system	experimental_conditions	replicate_summary	source_reference
TAA	A	A	A	TAAAAA	0.024777586516864143	0.008253959035361576	percent_readthrough	COS-7_cultured_mammalian_cells	dual_luciferase_reporter_no_suppressor_tRNA	mean; two independent constructs per context; experiments in triplicate; standard error retained	Cridge AG et al. Nucleic Acids Research 2018; 46:1927-1944; doi:10.1093/nar/gkx1315
TAA	A	A	C	TAAAAC	0.014808048678614882	0.004032592972347085	percent_readthrough	COS-7_cultured_mammalian_cells	dual_luciferase_reporter_no_suppressor_tRNA	mean; two independent constructs per context; experiments in triplicate; standard error retained	Cridge AG et al. Nucleic Acids Research 2018; 46:1927-1944; doi:10.1093/nar/gkx1315
TAA	A	A	G	TAAAAG	0.01914241025258539	0.003311359105141522	percent_readthrough	COS-7_cultured_mammalian_cells	dual_luciferase_reporter_no_suppressor_tRNA	mean; two independent constructs per context; experiments in triplicate; standard error retained	Cridge AG et al. Nucleic Acids Research 2018; 46:1927-1944; doi:10.1093/nar/gkx1315
TAA	A	A	T	TAAAAT	0.02471287407478492	0.003426696261695988	percent_readthrough	COS-7_cultured_mammalian_cells	dual_luciferase_reporter_no_suppressor_tRNA	mean; two independent constructs per context; experiments in triplicate; standard error retained	Cridge AG et al. Nucleic Acids Research 2018; 46:1927-1944; doi:10.1093/nar/gkx1315
TAA	A	C	A	TAAACA	0.022090870375142773	0.004010914101389981	percent_readthrough	COS-7_cultured_mammalian_cells	dual_luciferase_reporter_no_suppressor_tRNA	mean; two independent constructs per context; experiments in triplicate; standard error retained	Cridge AG et al. Nucleic Acids Research 2018; 46:1927-1944; doi:10.1093/nar/gkx1315
TAA	A	C	C	TAAACC	0.02130996657006972	0.003719517816394397	percent_readthrough	COS-7_cultured_mammalian_cells	dual_luciferase_reporter_no_suppressor_tRNA	mean; two independent constructs per context; experiments in triplicate; standard error retained	Cridge AG et al. Nucleic Acids Research 2018; 46:1927-1944; doi:10.1093/nar/gkx1315
TAA	A	C	G	TAAACG	0.021596230639854944	0.005759811256494891	percent_readthrough	COS-7_cultured_mammalian_cells	dual_luciferase_reporter_no_suppressor_tRNA	mean; two independent constructs per context; experiments in triplicate; standard error retained	Cridge AG et al. Nucleic Acids Research 2018; 46:1927-1944; doi:10.1093/nar/gkx1315
TAA	A	C	T	TAAACT	0.02358192642763285	0.004061258177383705	percent_readthrough	COS-7_cultured_mammalian_cells	dual_luciferase_reporter_no_suppressor_tRNA	mean; two independent constructs per context; experiments in triplicate; standard error retained	Cridge AG et al. Nucleic Acids Research 2018; 46:1927-1944; doi:10.1093/nar/gkx1315
TAA	A	G	A	TAAAGA	0.1042210316683545	0.020206705390386884	percent_readthrough	COS-7_cultured_mammalian_cells	dual_luciferase_reporter_no_suppressor_tRNA	mean; two independent constructs per context; experiments in triplicate; standard error retained	Cridge AG et al. Nucleic Acids Research 2018; 46:1927-1944; doi:10.1093/nar/gkx1315
TAA	A	G	C	TAAAGC	0.10594360782989916	0.010057954940727016	percent_readthrough	COS-7_cultured_mammalian_cells	dual_luciferase_reporter_no_suppressor_tRNA	mean; two independent constructs per context; experiments in triplicate; standard error retained	Cridge AG et al. Nucleic Acids Research 2018; 46:1927-1944; doi:10.1093/nar/gkx1315
TAA	A	G	G	TAAAGG	0.06346602662241073	0.008371760291658231	percent_readthrough	COS-7_cultured_mammalian_cells	dual_luciferase_reporter_no_suppressor_tRNA	mean; two independent constructs per context; experiments in triplicate; standard error retained	Cridge AG et al. Nucleic Acids Research 2018; 46:1927-1944; doi:10.1093/nar/gkx1315
TAA	A	G	T	TAAAGT	0.07492034952759123	0.007797869502810328	percent_readthrough	COS-7_cultured_mammalian_cells	dual_luciferase_reporter_no_suppressor_tRNA	mean; two independent constructs per context; experiments in triplicate; standard error retained	Cridge AG et al. Nucleic Acids Research 2018; 46:1927-1944; doi:10.1093/nar/gkx1315
TAA	A	T	A	TAAATA	0.09489037820553713	0.013039183263746309	percent_readthrough	COS-7_cultured_mammalian_cells	dual_luciferase_reporter_no_suppressor_tRNA	mean; two independent constructs per context; experiments in triplicate; standard error retained	Cridge AG et al. Nucleic Acids Research 2018; 46:1927-1944; doi:10.1093/nar/gkx1315
TAA	A	T	C	TAAATC	0.10530159895320292	0.015958188591693463	percent_readthrough	COS-7_cultured_mammalian_cells	dual_luciferase_reporter_no_suppressor_tRNA	mean; two independent constructs per context; experiments in triplicate; standard error retained	Cridge AG et al. Nucleic Acids Research 2018; 46:1927-1944; doi:10.1093/nar/gkx1315
TAA	A	T	G	TAAATG	0.22767487147405224	0.0016036209915848787	percent_readthrough	COS-7_cultured_mammalian_cells	dual_luciferase_reporter_no_suppressor_tRNA	mean; two independent constructs per context; experiments in triplicate; standard error retained	Cridge AG et al. Nucleic Acids Research 2018; 46:1927-1944; doi:10.1093/nar/gkx1315
TAA	A	T	T	TAAATT	0.11825692717782056	0.024686751568035015	percent_readthrough	COS-7_cultured_mammalian_cells	dual_luciferase_reporter_no_suppressor_tRNA	mean; two independent constructs per context; experiments in triplicate; standard error retained	Cridge AG et al. Nucleic Acids Research 2018; 46:1927-1944; doi:10.1093/nar/gkx1315
TAA	C	A	A	TAACAA	0.07269013346597418	0.002916485180275243	percent_readthrough	COS-7_cultured_mammalian_cells	dual_luciferase_reporter_no_suppressor_tRNA	mean; two independent constructs per context; experiments in triplicate; standard error retained	Cridge AG et al. Nucleic Acids Research 2018; 46:1927-1944; doi:10.1093/nar/gkx1315
TAA	C	A	C	TAACAC	0.08348638114086682	0.018875444126267647	percent_readthrough	COS-7_cultured_mammalian_cells	dual_luciferase_reporter_no_suppressor_tRNA	mean; two independent constructs per context; experiments in triplicate; standard error retained	Cridge AG et al. Nucleic Acids Research 2018; 46:1927-1944; doi:10.1093/nar/gkx1315
TAA	C	A	G	TAACAG	0.05890676390013183	0.013860341005166097	percent_readthrough	COS-7_cultured_mammalian_cells	dual_luciferase_reporter_no_suppressor_tRNA	mean; two independent constructs per context; experiments in triplicate; standard error retained	Cridge AG et al. Nucleic Acids Research 2018; 46:1927-1944; doi:10.1093/nar/gkx1315
TAA	C	A	T	TAACAT	0.20168961594840984	0.04985662710704127	percent_readthrough	COS-7_cultured_mammalian_cells	dual_luciferase_reporter_no_suppressor_tRNA	mean; two independent constructs per context; experiments in triplicate; standard error retained	Cridge AG et al. Nucleic Acids Research 2018; 46:1927-1944; doi:10.1093/nar/gkx1315
TAA	C	C	A	TAACCA	0.04205610998193855	0.004803942328466531	percent_readthrough	COS-7_cultured_mammalian_cells	dual_luciferase_reporter_no_suppressor_tRNA	mean; two independent constructs per context; experiments in triplicate; standard error retained	Cridge AG et al. Nucleic Acids Research 2018; 46:1927-1944; doi:10.1093/nar/gkx1315
TAA	C	C	C	TAACCC	0.0649120509834498	0.013896823275646297	percent_readthrough	COS-7_cultured_mammalian_cells	dual_luciferase_reporter_no_suppressor_tRNA	mean; two independent constructs per context; experiments in triplicate; standard error retained	Cridge AG et al. Nucleic Acids Research 2018; 46:1927-1944; doi:10.1093/nar/gkx1315
TAA	C	C	G	TAACCG	0.03446567801166208	0.0086963320783441	percent_readthrough	COS-7_cultured_mammalian_cells	dual_luciferase_reporter_no_suppressor_tRNA	mean; two independent constructs per context; experiments in triplicate; standard error retained	Cridge AG et al. Nucleic Acids Research 2018; 46:1927-1944; doi:10.1093/nar/gkx1315
TAA	C	C	T	TAACCT	0.1119022840814526	0.04526109221386959	percent_readthrough	COS-7_cultured_mammalian_cells	dual_luciferase_reporter_no_suppressor_tRNA	mean; two independent constructs per context; experiments in triplicate; standard error retained	Cridge AG et al. Nucleic Acids Research 2018; 46:1927-1944; doi:10.1093/nar/gkx1315
TAA	C	G	A	TAACGA	0.03907479370287413	0.0010276261416590931	percent_readthrough	COS-7_cultured_mammalian_cells	dual_luciferase_reporter_no_suppressor_tRNA	mean; two independent constructs per context; experiments in triplicate; standard error retained	Cridge AG et al. Nucleic Acids Research 2018; 46:1927-1944; doi:10.1093/nar/gkx1315
TAA	C	G	C	TAACGC	0.060042715803551645	0.008607474332767533	percent_readthrough	COS-7_cultured_mammalian_cells	dual_luciferase_reporter_no_suppressor_tRNA	mean; two independent constructs per context; experiments in triplicate; standard error retained	Cridge AG et al. Nucleic Acids Research 2018; 46:1927-1944; doi:10.1093/nar/gkx1315
TAA	C	G	G	TAACGG	0.02999338570152015	0.003483485974446932	percent_readthrough	COS-7_cultured_mammalian_cells	dual_luciferase_reporter_no_suppressor_tRNA	mean; two independent constructs per context; experiments in triplicate; standard error retained	Cridge AG et al. Nucleic Acids Research 2018; 46:1927-1944; doi:10.1093/nar/gkx1315
TAA	C	G	T	TAACGT	0.03497799114621792	0.005198579537102089	percent_readthrough	COS-7_cultured_mammalian_cells	dual_luciferase_reporter_no_suppressor_tRNA	mean; two independent constructs per context; experiments in triplicate; standard error retained	Cridge AG et al. Nucleic Acids Research 2018; 46:1927-1944; doi:10.1093/nar/gkx1315
TAA	C	T	A	TAACTA	0.06956219815360605	0.010612898917733498	percent_readthrough	COS-7_cultured_mammalian_cells	dual_luciferase_reporter_no_suppressor_tRNA	mean; two independent constructs per context; experiments in triplicate; standard error retained	Cridge AG et al. Nucleic Acids Research 2018; 46:1927-1944; doi:10.1093/nar/gkx1315
TAA	C	T	C	TAACTC	0.05888805900485017	0.0042479704703145445	percent_readthrough	COS-7_cultured_mammalian_cells	dual_luciferase_reporter_no_suppressor_tRNA	mean; two independent constructs per context; experiments in triplicate; standard error retained	Cridge AG et al. Nucleic Acids Research 2018; 46:1927-1944; doi:10.1093/nar/gkx1315
TAA	C	T	G	TAACTG	0.04568673763096368	0.005842742997946448	percent_readthrough	COS-7_cultured_mammalian_cells	dual_luciferase_reporter_no_suppressor_tRNA	mean; two independent constructs per context; experiments in triplicate; standard error retained	Cridge AG et al. Nucleic Acids Research 2018; 46:1927-1944; doi:10.1093/nar/gkx1315
TAA	C	T	T	TAACTT	0.061910746676616106	0.007093940983011616	percent_readthrough	COS-7_cultured_mammalian_cells	dual_luciferase_reporter_no_suppressor_tRNA	mean; two independent constructs per context; experiments in triplicate; standard error retained	Cridge AG et al. Nucleic Acids Research 2018; 46:1927-1944; doi:10.1093/nar/gkx1315
TAA	G	A	A	TAAGAA	0.033535753133279673	0.005206564136809764	percent_readthrough	COS-7_cultured_mammalian_cells	dual_luciferase_reporter_no_suppressor_tRNA	mean; two independent constructs per context; experiments in triplicate; standard error retained	Cridge AG et al. Nucleic Acids Research 2018; 46:1927-1944; doi:10.1093/nar/gkx1315
TAA	G	A	C	TAAGAC	0.04033747425869596	0.004277208617826848	percent_readthrough	COS-7_cultured_mammalian_cells	dual_luciferase_reporter_no_suppressor_tRNA	mean; two independent constructs per context; experiments in triplicate; standard error retained	Cridge AG et al. Nucleic Acids Research 2018; 46:1927-1944; doi:10.1093/nar/gkx1315
TAA	G	A	G	TAAGAG	0.038775519726595216	0.00415527362084035	percent_readthrough	COS-7_cultured_mammalian_cells	dual_luciferase_reporter_no_suppressor_tRNA	mean; two independent constructs per context; experiments in triplicate; standard error retained	Cridge AG et al. Nucleic Acids Research 2018; 46:1927-1944; doi:10.1093/nar/gkx1315
TAA	G	A	T	TAAGAT	0.04592925285305243	0.0035238564812365607	percent_readthrough	COS-7_cultured_mammalian_cells	dual_luciferase_reporter_no_suppressor_tRNA	mean; two independent constructs per context; experiments in triplicate; standard error retained	Cridge AG et al. Nucleic Acids Research 2018; 46:1927-1944; doi:10.1093/nar/gkx1315
TAA	G	C	A	TAAGCA	0.048204409523180336	0.01075226853777914	percent_readthrough	COS-7_cultured_mammalian_cells	dual_luciferase_reporter_no_suppressor_tRNA	mean; two independent constructs per context; experiments in triplicate; standard error retained	Cridge AG et al. Nucleic Acids Research 2018; 46:1927-1944; doi:10.1093/nar/gkx1315
TAA	G	C	C	TAAGCC	0.06207917664849349	0.013320858107862266	percent_readthrough	COS-7_cultured_mammalian_cells	dual_luciferase_reporter_no_suppressor_tRNA	mean; two independent constructs per context; experiments in triplicate; standard error retained	Cridge AG et al. Nucleic Acids Research 2018; 46:1927-1944; doi:10.1093/nar/gkx1315
TAA	G	C	G	TAAGCG	0.05784470015282814	0.01263187806894326	percent_readthrough	COS-7_cultured_mammalian_cells	dual_luciferase_reporter_no_suppressor_tRNA	mean; two independent constructs per context; experiments in triplicate; standard error retained	Cridge AG et al. Nucleic Acids Research 2018; 46:1927-1944; doi:10.1093/nar/gkx1315
TAA	G	C	T	TAAGCT	0.05077588799753622	0.009943389753632124	percent_readthrough	COS-7_cultured_mammalian_cells	dual_luciferase_reporter_no_suppressor_tRNA	mean; two independent constructs per context; experiments in triplicate; standard error retained	Cridge AG et al. Nucleic Acids Research 2018; 46:1927-1944; doi:10.1093/nar/gkx1315
TAA	G	G	A	TAAGGA	0.12544489134111544	0.005185128405946636	percent_readthrough	COS-7_cultured_mammalian_cells	dual_luciferase_reporter_no_suppressor_tRNA	mean; two independent constructs per context; experiments in triplicate; standard error retained	Cridge AG et al. Nucleic Acids Research 2018; 46:1927-1944; doi:10.1093/nar/gkx1315
TAA	G	G	C	TAAGGC	0.06508886662530819	0.006510493241969067	percent_readthrough	COS-7_cultured_mammalian_cells	dual_luciferase_reporter_no_suppressor_tRNA	mean; two independent constructs per context; experiments in triplicate; standard error retained	Cridge AG et al. Nucleic Acids Research 2018; 46:1927-1944; doi:10.1093/nar/gkx1315
TAA	G	G	G	TAAGGG	0.07151227287206972	0.004236227199464655	percent_readthrough	COS-7_cultured_mammalian_cells	dual_luciferase_reporter_no_suppressor_tRNA	mean; two independent constructs per context; experiments in triplicate; standard error retained	Cridge AG et al. Nucleic Acids Research 2018; 46:1927-1944; doi:10.1093/nar/gkx1315
TAA	G	G	T	TAAGGT	0.1331780331291435	0.01060428743015144	percent_readthrough	COS-7_cultured_mammalian_cells	dual_luciferase_reporter_no_suppressor_tRNA	mean; two independent constructs per context; experiments in triplicate; standard error retained	Cridge AG et al. Nucleic Acids Research 2018; 46:1927-1944; doi:10.1093/nar/gkx1315
TAA	G	T	A	TAAGTA	0.03973979864858782	0.0037124796018014666	percent_readthrough	COS-7_cultured_mammalian_cells	dual_luciferase_reporter_no_suppressor_tRNA	mean; two independent constructs per context; experiments in triplicate; standard error retained	Cridge AG et al. Nucleic Acids Research 2018; 46:1927-1944; doi:10.1093/nar/gkx1315
TAA	G	T	C	TAAGTC	0.050057908162347474	0.004774154133104406	percent_readthrough	COS-7_cultured_mammalian_cells	dual_luciferase_reporter_no_suppressor_tRNA	mean; two independent constructs per context; experiments in triplicate; standard error retained	Cridge AG et al. Nucleic Acids Research 2018; 46:1927-1944; doi:10.1093/nar/gkx1315
TAA	G	T	G	TAAGTG	0.08018453998305573	0.010593085914027613	percent_readthrough	COS-7_cultured_mammalian_cells	dual_luciferase_reporter_no_suppressor_tRNA	mean; two independent constructs per context; experiments in triplicate; standard error retained	Cridge AG et al. Nucleic Acids Research 2018; 46:1927-1944; doi:10.1093/nar/gkx1315
TAA	G	T	T	TAAGTT	0.08633481582815881	0.01150735278317932	percent_readthrough	COS-7_cultured_mammalian_cells	dual_luciferase_reporter_no_suppressor_tRNA	mean; two independent constructs per context; experiments in triplicate; standard error retained	Cridge AG et al. Nucleic Acids Research 2018; 46:1927-1944; doi:10.1093/nar/gkx1315
TAA	T	A	A	TAATAA	0.08493206477997872	0.03463525903988019	percent_readthrough	COS-7_cultured_mammalian_cells	dual_luciferase_reporter_no_suppressor_tRNA	mean; two independent constructs per context; experiments in triplicate; standard error retained	Cridge AG et al. Nucleic Acids Research 2018; 46:1927-1944; doi:10.1093/nar/gkx1315
TAA	T	A	C	TAATAC	0.030581280960525047	0.004460188138485736	percent_readthrough	COS-7_cultured_mammalian_cells	dual_luciferase_reporter_no_suppressor_tRNA	mean; two independent constructs per context; experiments in triplicate; standard error retained	Cridge AG et al. Nucleic Acids Research 2018; 46:1927-1944; doi:10.1093/nar/gkx1315
TAA	T	A	G	TAATAG	0.042086247532473815	0.0047758909546561455	percent_readthrough	COS-7_cultured_mammalian_cells	dual_luciferase_reporter_no_suppressor_tRNA	mean; two independent constructs per context; experiments in triplicate; standard error retained	Cridge AG et al. Nucleic Acids Research 2018; 46:1927-1944; doi:10.1093/nar/gkx1315
TAA	T	A	T	TAATAT	0.039863715618989305	0.008847073960974668	percent_readthrough	COS-7_cultured_mammalian_cells	dual_luciferase_reporter_no_suppressor_tRNA	mean; two independent constructs per context; experiments in triplicate; standard error retained	Cridge AG et al. Nucleic Acids Research 2018; 46:1927-1944; doi:10.1093/nar/gkx1315
TAA	T	C	A	TAATCA	0.03817815610007098	0.003423704671770819	percent_readthrough	COS-7_cultured_mammalian_cells	dual_luciferase_reporter_no_suppressor_tRNA	mean; two independent constructs per context; experiments in triplicate; standard error retained	Cridge AG et al. Nucleic Acids Research 2018; 46:1927-1944; doi:10.1093/nar/gkx1315
TAA	T	C	C	TAATCC	0.05666289034167927	0.02157423140078909	percent_readthrough	COS-7_cultured_mammalian_cells	dual_luciferase_reporter_no_suppressor_tRNA	mean; two independent constructs per context; experiments in triplicate; standard error retained	Cridge AG et al. Nucleic Acids Research 2018; 46:1927-1944; doi:10.1093/nar/gkx1315
TAA	T	C	G	TAATCG	0.049091949909530336	0.014763812569041	percent_readthrough	COS-7_cultured_mammalian_cells	dual_luciferase_reporter_no_suppressor_tRNA	mean; two independent constructs per context; experiments in triplicate; standard error retained	Cridge AG et al. Nucleic Acids Research 2018; 46:1927-1944; doi:10.1093/nar/gkx1315
TAA	T	C	T	TAATCT	0.04652674467554994	0.007969420383452433	percent_readthrough	COS-7_cultured_mammalian_cells	dual_luciferase_reporter_no_suppressor_tRNA	mean; two independent constructs per context; experiments in triplicate; standard error retained	Cridge AG et al. Nucleic Acids Research 2018; 46:1927-1944; doi:10.1093/nar/gkx1315
TAA	T	G	A	TAATGA	0.0404938073251904	0.006777252049668052	percent_readthrough	COS-7_cultured_mammalian_cells	dual_luciferase_reporter_no_suppressor_tRNA	mean; two independent constructs per context; experiments in triplicate; standard error retained	Cridge AG et al. Nucleic Acids Research 2018; 46:1927-1944; doi:10.1093/nar/gkx1315
TAA	T	G	C	TAATGC	0.03736484387251946	0.006997265166446966	percent_readthrough	COS-7_cultured_mammalian_cells	dual_luciferase_reporter_no_suppressor_tRNA	mean; two independent constructs per context; experiments in triplicate; standard error retained	Cridge AG et al. Nucleic Acids Research 2018; 46:1927-1944; doi:10.1093/nar/gkx1315
TAA	T	G	G	TAATGG	0.038770774686573785	0.00558036729007564	percent_readthrough	COS-7_cultured_mammalian_cells	dual_luciferase_reporter_no_suppressor_tRNA	mean; two independent constructs per context; experiments in triplicate; standard error retained	Cridge AG et al. Nucleic Acids Research 2018; 46:1927-1944; doi:10.1093/nar/gkx1315
TAA	T	G	T	TAATGT	0.040794342816237755	0.0031758285406995462	percent_readthrough	COS-7_cultured_mammalian_cells	dual_luciferase_reporter_no_suppressor_tRNA	mean; two independent constructs per context; experiments in triplicate; standard error retained	Cridge AG et al. Nucleic Acids Research 2018; 46:1927-1944; doi:10.1093/nar/gkx1315
TAA	T	T	A	TAATTA	0.041074165265971206	0.003697130854466468	percent_readthrough	COS-7_cultured_mammalian_cells	dual_luciferase_reporter_no_suppressor_tRNA	mean; two independent constructs per context; experiments in triplicate; standard error retained	Cridge AG et al. Nucleic Acids Research 2018; 46:1927-1944; doi:10.1093/nar/gkx1315
TAA	T	T	C	TAATTC	0.052875487259721486	0.005658600608665884	percent_readthrough	COS-7_cultured_mammalian_cells	dual_luciferase_reporter_no_suppressor_tRNA	mean; two independent constructs per context; experiments in triplicate; standard error retained	Cridge AG et al. Nucleic Acids Research 2018; 46:1927-1944; doi:10.1093/nar/gkx1315
TAA	T	T	G	TAATTG	0.04537837532438144	0.007029447775126955	percent_readthrough	COS-7_cultured_mammalian_cells	dual_luciferase_reporter_no_suppressor_tRNA	mean; two independent constructs per context; experiments in triplicate; standard error retained	Cridge AG et al. Nucleic Acids Research 2018; 46:1927-1944; doi:10.1093/nar/gkx1315
TAA	T	T	T	TAATTT	0.04891668277971156	0.008297291752216222	percent_readthrough	COS-7_cultured_mammalian_cells	dual_luciferase_reporter_no_suppressor_tRNA	mean; two independent constructs per context; experiments in triplicate; standard error retained	Cridge AG et al. Nucleic Acids Research 2018; 46:1927-1944; doi:10.1093/nar/gkx1315
TAG	A	A	A	TAGAAA	0.08780555370361331	0.006388281874663013	percent_readthrough	COS-7_cultured_mammalian_cells	dual_luciferase_reporter_no_suppressor_tRNA	mean; two independent constructs per context; experiments in triplicate; standard error retained	Cridge AG et al. Nucleic Acids Research 2018; 46:1927-1944; doi:10.1093/nar/gkx1315
TAG	A	A	C	TAGAAC	0.05655993079364272	0.005857664710510729	percent_readthrough	COS-7_cultured_mammalian_cells	dual_luciferase_reporter_no_suppressor_tRNA	mean; two independent constructs per context; experiments in triplicate; standard error retained	Cridge AG et al. Nucleic Acids Research 2018; 46:1927-1944; doi:10.1093/nar/gkx1315
TAG	A	A	G	TAGAAG	0.06606414841003734	0.012130038838408352	percent_readthrough	COS-7_cultured_mammalian_cells	dual_luciferase_reporter_no_suppressor_tRNA	mean; two independent constructs per context; experiments in triplicate; standard error retained	Cridge AG et al. Nucleic Acids Research 2018; 46:1927-1944; doi:10.1093/nar/gkx1315
TAG	A	A	T	TAGAAT	0.05498717323903992	0.0020315486564670285	percent_readthrough	COS-7_cultured_mammalian_cells	dual_luciferase_reporter_no_suppressor_tRNA	mean; two independent constructs per context; experiments in triplicate; standard error retained	Cridge AG et al. Nucleic Acids Research 2018; 46:1927-1944; doi:10.1093/nar/gkx1315
TAG	A	C	A	TAGACA	0.05261933408865276	0.005475442869363586	percent_readthrough	COS-7_cultured_mammalian_cells	dual_luciferase_reporter_no_suppressor_tRNA	mean; two independent constructs per context; experiments in triplicate; standard error retained	Cridge AG et al. Nucleic Acids Research 2018; 46:1927-1944; doi:10.1093/nar/gkx1315
TAG	A	C	C	TAGACC	0.06974104082009717	0.009639534641639146	percent_readthrough	COS-7_cultured_mammalian_cells	dual_luciferase_reporter_no_suppressor_tRNA	mean; two independent constructs per context; experiments in triplicate; standard error retained	Cridge AG et al. Nucleic Acids Research 2018; 46:1927-1944; doi:10.1093/nar/gkx1315
TAG	A	C	G	TAGACG	0.03399140360457112	0.005052392233234026	percent_readthrough	COS-7_cultured_mammalian_cells	dual_luciferase_reporter_no_suppressor_tRNA	mean; two independent constructs per context; experiments in triplicate; standard error retained	Cridge AG et al. Nucleic Acids Research 2018; 46:1927-1944; doi:10.1093/nar/gkx1315
TAG	A	C	T	TAGACT	0.14807605979680796	0.03193246595438449	percent_readthrough	COS-7_cultured_mammalian_cells	dual_luciferase_reporter_no_suppressor_tRNA	mean; two independent constructs per context; experiments in triplicate; standard error retained	Cridge AG et al. Nucleic Acids Research 2018; 46:1927-1944; doi:10.1093/nar/gkx1315
TAG	A	G	A	TAGAGA	0.09819549834711577	0.008731413297717731	percent_readthrough	COS-7_cultured_mammalian_cells	dual_luciferase_reporter_no_suppressor_tRNA	mean; two independent constructs per context; experiments in triplicate; standard error retained	Cridge AG et al. Nucleic Acids Research 2018; 46:1927-1944; doi:10.1093/nar/gkx1315
TAG	A	G	C	TAGAGC	0.12553556900242258	0.0470967042929141	percent_readthrough	COS-7_cultured_mammalian_cells	dual_luciferase_reporter_no_suppressor_tRNA	mean; two independent constructs per context; experiments in triplicate; standard error retained	Cridge AG et al. Nucleic Acids Research 2018; 46:1927-1944; doi:10.1093/nar/gkx1315
TAG	A	G	G	TAGAGG	0.05324613086153069	0.008240537768334078	percent_readthrough	COS-7_cultured_mammalian_cells	dual_luciferase_reporter_no_suppressor_tRNA	mean; two independent constructs per context; experiments in triplicate; standard error retained	Cridge AG et al. Nucleic Acids Research 2018; 46:1927-1944; doi:10.1093/nar/gkx1315
TAG	A	G	T	TAGAGT	0.0399911373979827	0.0060109137977851015	percent_readthrough	COS-7_cultured_mammalian_cells	dual_luciferase_reporter_no_suppressor_tRNA	mean; two independent constructs per context; experiments in triplicate; standard error retained	Cridge AG et al. Nucleic Acids Research 2018; 46:1927-1944; doi:10.1093/nar/gkx1315
TAG	A	T	A	TAGATA	0.09469208486856308	0.012459637676978556	percent_readthrough	COS-7_cultured_mammalian_cells	dual_luciferase_reporter_no_suppressor_tRNA	mean; two independent constructs per context; experiments in triplicate; standard error retained	Cridge AG et al. Nucleic Acids Research 2018; 46:1927-1944; doi:10.1093/nar/gkx1315
TAG	A	T	C	TAGATC	0.07202696670011792	0.009568730915162676	percent_readthrough	COS-7_cultured_mammalian_cells	dual_luciferase_reporter_no_suppressor_tRNA	mean; two independent constructs per context; experiments in triplicate; standard error retained	Cridge AG et al. Nucleic Acids Research 2018; 46:1927-1944; doi:10.1093/nar/gkx1315
TAG	A	T	G	TAGATG	0.0656783	0.00321456	percent_readthrough	COS-7_cultured_mammalian_cells	dual_luciferase_reporter_no_suppressor_tRNA	mean; two independent constructs per context; experiments in triplicate; standard error retained	Cridge AG et al. Nucleic Acids Research 2018; 46:1927-1944; doi:10.1093/nar/gkx1315
TAG	A	T	T	TAGATT	0.1940448198571	0.02750234045983557	percent_readthrough	COS-7_cultured_mammalian_cells	dual_luciferase_reporter_no_suppressor_tRNA	mean; two independent constructs per context; experiments in triplicate; standard error retained	Cridge AG et al. Nucleic Acids Research 2018; 46:1927-1944; doi:10.1093/nar/gkx1315
TAG	C	A	A	TAGCAA	0.0653311367101896	0.0038939518264431375	percent_readthrough	COS-7_cultured_mammalian_cells	dual_luciferase_reporter_no_suppressor_tRNA	mean; two independent constructs per context; experiments in triplicate; standard error retained	Cridge AG et al. Nucleic Acids Research 2018; 46:1927-1944; doi:10.1093/nar/gkx1315
TAG	C	A	C	TAGCAC	0.11501859754543688	0.018453073137424208	percent_readthrough	COS-7_cultured_mammalian_cells	dual_luciferase_reporter_no_suppressor_tRNA	mean; two independent constructs per context; experiments in triplicate; standard error retained	Cridge AG et al. Nucleic Acids Research 2018; 46:1927-1944; doi:10.1093/nar/gkx1315
TAG	C	A	G	TAGCAG	0.08147267720958212	0.009548835429274543	percent_readthrough	COS-7_cultured_mammalian_cells	dual_luciferase_reporter_no_suppressor_tRNA	mean; two independent constructs per context; experiments in triplicate; standard error retained	Cridge AG et al. Nucleic Acids Research 2018; 46:1927-1944; doi:10.1093/nar/gkx1315
TAG	C	A	T	TAGCAT	0.0889918031790574	0.013186543105963148	percent_readthrough	COS-7_cultured_mammalian_cells	dual_luciferase_reporter_no_suppressor_tRNA	mean; two independent constructs per context; experiments in triplicate; standard error retained	Cridge AG et al. Nucleic Acids Research 2018; 46:1927-1944; doi:10.1093/nar/gkx1315
TAG	C	C	A	TAGCCA	0.037086643971357615	0.0015284527973212754	percent_readthrough	COS-7_cultured_mammalian_cells	dual_luciferase_reporter_no_suppressor_tRNA	mean; two independent constructs per context; experiments in triplicate; standard error retained	Cridge AG et al. Nucleic Acids Research 2018; 46:1927-1944; doi:10.1093/nar/gkx1315
TAG	C	C	C	TAGCCC	0.09477778636451539	0.018379560479679348	percent_readthrough	COS-7_cultured_mammalian_cells	dual_luciferase_reporter_no_suppressor_tRNA	mean; two independent constructs per context; experiments in triplicate; standard error retained	Cridge AG et al. Nucleic Acids Research 2018; 46:1927-1944; doi:10.1093/nar/gkx1315
TAG	C	C	G	TAGCCG	0.08945005411567133	0.006629143058800649	percent_readthrough	COS-7_cultured_mammalian_cells	dual_luciferase_reporter_no_suppressor_tRNA	mean; two independent constructs per context; experiments in triplicate; standard error retained	Cridge AG et al. Nucleic Acids Research 2018; 46:1927-1944; doi:10.1093/nar/gkx1315
TAG	C	C	T	TAGCCT	0.08776225251527682	0.014423675414384747	percent_readthrough	COS-7_cultured_mammalian_cells	dual_luciferase_reporter_no_suppressor_tRNA	mean; two independent constructs per context; experiments in triplicate; standard error retained	Cridge AG et al. Nucleic Acids Research 2018; 46:1927-1944; doi:10.1093/nar/gkx1315
TAG	C	G	A	TAGCGA	0.08180562415709364	0.01838794939216077	percent_readthrough	COS-7_cultured_mammalian_cells	dual_luciferase_reporter_no_suppressor_tRNA	mean; two independent constructs per context; experiments in triplicate; standard error retained	Cridge AG et al. Nucleic Acids Research 2018; 46:1927-1944; doi:10.1093/nar/gkx1315
TAG	C	G	C	TAGCGC	0.12882101012884897	0.023803971513562654	percent_readthrough	COS-7_cultured_mammalian_cells	dual_luciferase_reporter_no_suppressor_tRNA	mean; two independent constructs per context; experiments in triplicate; standard error retained	Cridge AG et al. Nucleic Acids Research 2018; 46:1927-1944; doi:10.1093/nar/gkx1315
TAG	C	G	G	TAGCGG	0.09311444485984256	0.015826889683162707	percent_readthrough	COS-7_cultured_mammalian_cells	dual_luciferase_reporter_no_suppressor_tRNA	mean; two independent constructs per context; experiments in triplicate; standard error retained	Cridge AG et al. Nucleic Acids Research 2018; 46:1927-1944; doi:10.1093/nar/gkx1315
TAG	C	G	T	TAGCGT	0.07376715360961697	0.004245546178645787	percent_readthrough	COS-7_cultured_mammalian_cells	dual_luciferase_reporter_no_suppressor_tRNA	mean; two independent constructs per context; experiments in triplicate; standard error retained	Cridge AG et al. Nucleic Acids Research 2018; 46:1927-1944; doi:10.1093/nar/gkx1315
TAG	C	T	A	TAGCTA	0.1385385482330353	0.010290711556418471	percent_readthrough	COS-7_cultured_mammalian_cells	dual_luciferase_reporter_no_suppressor_tRNA	mean; two independent constructs per context; experiments in triplicate; standard error retained	Cridge AG et al. Nucleic Acids Research 2018; 46:1927-1944; doi:10.1093/nar/gkx1315
TAG	C	T	C	TAGCTC	0.16406719128017075	0.01457283144229451	percent_readthrough	COS-7_cultured_mammalian_cells	dual_luciferase_reporter_no_suppressor_tRNA	mean; two independent constructs per context; experiments in triplicate; standard error retained	Cridge AG et al. Nucleic Acids Research 2018; 46:1927-1944; doi:10.1093/nar/gkx1315
TAG	C	T	G	TAGCTG	0.1020824571983735	0.00622405729157038	percent_readthrough	COS-7_cultured_mammalian_cells	dual_luciferase_reporter_no_suppressor_tRNA	mean; two independent constructs per context; experiments in triplicate; standard error retained	Cridge AG et al. Nucleic Acids Research 2018; 46:1927-1944; doi:10.1093/nar/gkx1315
TAG	C	T	T	TAGCTT	0.12828451978236358	0.016440468710310758	percent_readthrough	COS-7_cultured_mammalian_cells	dual_luciferase_reporter_no_suppressor_tRNA	mean; two independent constructs per context; experiments in triplicate; standard error retained	Cridge AG et al. Nucleic Acids Research 2018; 46:1927-1944; doi:10.1093/nar/gkx1315
TAG	G	A	A	TAGGAA	0.12568532134132782	0.006126325200913531	percent_readthrough	COS-7_cultured_mammalian_cells	dual_luciferase_reporter_no_suppressor_tRNA	mean; two independent constructs per context; experiments in triplicate; standard error retained	Cridge AG et al. Nucleic Acids Research 2018; 46:1927-1944; doi:10.1093/nar/gkx1315
TAG	G	A	C	TAGGAC	0.08398506576117983	0.007895693660709743	percent_readthrough	COS-7_cultured_mammalian_cells	dual_luciferase_reporter_no_suppressor_tRNA	mean; two independent constructs per context; experiments in triplicate; standard error retained	Cridge AG et al. Nucleic Acids Research 2018; 46:1927-1944; doi:10.1093/nar/gkx1315
TAG	G	A	G	TAGGAG	0.08487142395439479	0.006887723762219257	percent_readthrough	COS-7_cultured_mammalian_cells	dual_luciferase_reporter_no_suppressor_tRNA	mean; two independent constructs per context; experiments in triplicate; standard error retained	Cridge AG et al. Nucleic Acids Research 2018; 46:1927-1944; doi:10.1093/nar/gkx1315
TAG	G	A	T	TAGGAT	0.11824416256458747	0.011124455009707865	percent_readthrough	COS-7_cultured_mammalian_cells	dual_luciferase_reporter_no_suppressor_tRNA	mean; two independent constructs per context; experiments in triplicate; standard error retained	Cridge AG et al. Nucleic Acids Research 2018; 46:1927-1944; doi:10.1093/nar/gkx1315
TAG	G	C	A	TAGGCA	0.06082849206684128	0.0034592831647281704	percent_readthrough	COS-7_cultured_mammalian_cells	dual_luciferase_reporter_no_suppressor_tRNA	mean; two independent constructs per context; experiments in triplicate; standard error retained	Cridge AG et al. Nucleic Acids Research 2018; 46:1927-1944; doi:10.1093/nar/gkx1315
TAG	G	C	C	TAGGCC	0.08467718012813699	0.008352501295059645	percent_readthrough	COS-7_cultured_mammalian_cells	dual_luciferase_reporter_no_suppressor_tRNA	mean; two independent constructs per context; experiments in triplicate; standard error retained	Cridge AG et al. Nucleic Acids Research 2018; 46:1927-1944; doi:10.1093/nar/gkx1315
TAG	G	C	G	TAGGCG	0.0422979078465291	0.0031350774104031416	percent_readthrough	COS-7_cultured_mammalian_cells	dual_luciferase_reporter_no_suppressor_tRNA	mean; two independent constructs per context; experiments in triplicate; standard error retained	Cridge AG et al. Nucleic Acids Research 2018; 46:1927-1944; doi:10.1093/nar/gkx1315
TAG	G	C	T	TAGGCT	0.09598306502732451	0.011699363310067558	percent_readthrough	COS-7_cultured_mammalian_cells	dual_luciferase_reporter_no_suppressor_tRNA	mean; two independent constructs per context; experiments in triplicate; standard error retained	Cridge AG et al. Nucleic Acids Research 2018; 46:1927-1944; doi:10.1093/nar/gkx1315
TAG	G	G	A	TAGGGA	0.04276876967085769	0.006961795007864797	percent_readthrough	COS-7_cultured_mammalian_cells	dual_luciferase_reporter_no_suppressor_tRNA	mean; two independent constructs per context; experiments in triplicate; standard error retained	Cridge AG et al. Nucleic Acids Research 2018; 46:1927-1944; doi:10.1093/nar/gkx1315
TAG	G	G	C	TAGGGC	0.08898463924549238	0.007788497384812142	percent_readthrough	COS-7_cultured_mammalian_cells	dual_luciferase_reporter_no_suppressor_tRNA	mean; two independent constructs per context; experiments in triplicate; standard error retained	Cridge AG et al. Nucleic Acids Research 2018; 46:1927-1944; doi:10.1093/nar/gkx1315
TAG	G	G	G	TAGGGG	0.07034794845529127	0.016378299990211398	percent_readthrough	COS-7_cultured_mammalian_cells	dual_luciferase_reporter_no_suppressor_tRNA	mean; two independent constructs per context; experiments in triplicate; standard error retained	Cridge AG et al. Nucleic Acids Research 2018; 46:1927-1944; doi:10.1093/nar/gkx1315
TAG	G	G	T	TAGGGT	0.05270415023306471	0.0069640668360132175	percent_readthrough	COS-7_cultured_mammalian_cells	dual_luciferase_reporter_no_suppressor_tRNA	mean; two independent constructs per context; experiments in triplicate; standard error retained	Cridge AG et al. Nucleic Acids Research 2018; 46:1927-1944; doi:10.1093/nar/gkx1315
TAG	G	T	A	TAGGTA	0.07622009230122061	0.005383227186517573	percent_readthrough	COS-7_cultured_mammalian_cells	dual_luciferase_reporter_no_suppressor_tRNA	mean; two independent constructs per context; experiments in triplicate; standard error retained	Cridge AG et al. Nucleic Acids Research 2018; 46:1927-1944; doi:10.1093/nar/gkx1315
TAG	G	T	C	TAGGTC	0.04881480980693951	0.006066494674145238	percent_readthrough	COS-7_cultured_mammalian_cells	dual_luciferase_reporter_no_suppressor_tRNA	mean; two independent constructs per context; experiments in triplicate; standard error retained	Cridge AG et al. Nucleic Acids Research 2018; 46:1927-1944; doi:10.1093/nar/gkx1315
TAG	G	T	G	TAGGTG	0.04733882011631855	0.0057309850084916285	percent_readthrough	COS-7_cultured_mammalian_cells	dual_luciferase_reporter_no_suppressor_tRNA	mean; two independent constructs per context; experiments in triplicate; standard error retained	Cridge AG et al. Nucleic Acids Research 2018; 46:1927-1944; doi:10.1093/nar/gkx1315
TAG	G	T	T	TAGGTT	0.054679339135893824	0.0052173932572660165	percent_readthrough	COS-7_cultured_mammalian_cells	dual_luciferase_reporter_no_suppressor_tRNA	mean; two independent constructs per context; experiments in triplicate; standard error retained	Cridge AG et al. Nucleic Acids Research 2018; 46:1927-1944; doi:10.1093/nar/gkx1315
TAG	T	A	A	TAGTAA	0.04733882011631855	0.0057309850084916285	percent_readthrough	COS-7_cultured_mammalian_cells	dual_luciferase_reporter_no_suppressor_tRNA	mean; two independent constructs per context; experiments in triplicate; standard error retained	Cridge AG et al. Nucleic Acids Research 2018; 46:1927-1944; doi:10.1093/nar/gkx1315
TAG	T	A	C	TAGTAC	0.03840517954016507	0.005258414441446035	percent_readthrough	COS-7_cultured_mammalian_cells	dual_luciferase_reporter_no_suppressor_tRNA	mean; two independent constructs per context; experiments in triplicate; standard error retained	Cridge AG et al. Nucleic Acids Research 2018; 46:1927-1944; doi:10.1093/nar/gkx1315
TAG	T	A	G	TAGTAG	0.04446733345094767	0.005536451361436958	percent_readthrough	COS-7_cultured_mammalian_cells	dual_luciferase_reporter_no_suppressor_tRNA	mean; two independent constructs per context; experiments in triplicate; standard error retained	Cridge AG et al. Nucleic Acids Research 2018; 46:1927-1944; doi:10.1093/nar/gkx1315
TAG	T	A	T	TAGTAT	0.13965267131376236	0.009354506723160842	percent_readthrough	COS-7_cultured_mammalian_cells	dual_luciferase_reporter_no_suppressor_tRNA	mean; two independent constructs per context; experiments in triplicate; standard error retained	Cridge AG et al. Nucleic Acids Research 2018; 46:1927-1944; doi:10.1093/nar/gkx1315
TAG	T	C	A	TAGTCA	0.1469227182203536	0.03558015817087548	percent_readthrough	COS-7_cultured_mammalian_cells	dual_luciferase_reporter_no_suppressor_tRNA	mean; two independent constructs per context; experiments in triplicate; standard error retained	Cridge AG et al. Nucleic Acids Research 2018; 46:1927-1944; doi:10.1093/nar/gkx1315
TAG	T	C	C	TAGTCC	0.10220420454692254	0.018322368396599432	percent_readthrough	COS-7_cultured_mammalian_cells	dual_luciferase_reporter_no_suppressor_tRNA	mean; two independent constructs per context; experiments in triplicate; standard error retained	Cridge AG et al. Nucleic Acids Research 2018; 46:1927-1944; doi:10.1093/nar/gkx1315
TAG	T	C	G	TAGTCG	0.07162027290018773	0.005458032094557806	percent_readthrough	COS-7_cultured_mammalian_cells	dual_luciferase_reporter_no_suppressor_tRNA	mean; two independent constructs per context; experiments in triplicate; standard error retained	Cridge AG et al. Nucleic Acids Research 2018; 46:1927-1944; doi:10.1093/nar/gkx1315
TAG	T	C	T	TAGTCT	0.20261833187791817	0.04188041748310936	percent_readthrough	COS-7_cultured_mammalian_cells	dual_luciferase_reporter_no_suppressor_tRNA	mean; two independent constructs per context; experiments in triplicate; standard error retained	Cridge AG et al. Nucleic Acids Research 2018; 46:1927-1944; doi:10.1093/nar/gkx1315
TAG	T	G	A	TAGTGA	0.06433853807030011	0.012444636742583283	percent_readthrough	COS-7_cultured_mammalian_cells	dual_luciferase_reporter_no_suppressor_tRNA	mean; two independent constructs per context; experiments in triplicate; standard error retained	Cridge AG et al. Nucleic Acids Research 2018; 46:1927-1944; doi:10.1093/nar/gkx1315
TAG	T	G	C	TAGTGC	0.08840939154348045	0.009024115516554012	percent_readthrough	COS-7_cultured_mammalian_cells	dual_luciferase_reporter_no_suppressor_tRNA	mean; two independent constructs per context; experiments in triplicate; standard error retained	Cridge AG et al. Nucleic Acids Research 2018; 46:1927-1944; doi:10.1093/nar/gkx1315
TAG	T	G	G	TAGTGG	0.0691369344726929	0.005830972731860683	percent_readthrough	COS-7_cultured_mammalian_cells	dual_luciferase_reporter_no_suppressor_tRNA	mean; two independent constructs per context; experiments in triplicate; standard error retained	Cridge AG et al. Nucleic Acids Research 2018; 46:1927-1944; doi:10.1093/nar/gkx1315
TAG	T	G	T	TAGTGT	0.0903037833011477	0.008090395039492198	percent_readthrough	COS-7_cultured_mammalian_cells	dual_luciferase_reporter_no_suppressor_tRNA	mean; two independent constructs per context; experiments in triplicate; standard error retained	Cridge AG et al. Nucleic Acids Research 2018; 46:1927-1944; doi:10.1093/nar/gkx1315
TAG	T	T	A	TAGTTA	0.127004201579872	0.024190244427560983	percent_readthrough	COS-7_cultured_mammalian_cells	dual_luciferase_reporter_no_suppressor_tRNA	mean; two independent constructs per context; experiments in triplicate; standard error retained	Cridge AG et al. Nucleic Acids Research 2018; 46:1927-1944; doi:10.1093/nar/gkx1315
TAG	T	T	C	TAGTTC	0.05468500338404896	0.008510348894164806	percent_readthrough	COS-7_cultured_mammalian_cells	dual_luciferase_reporter_no_suppressor_tRNA	mean; two independent constructs per context; experiments in triplicate; standard error retained	Cridge AG et al. Nucleic Acids Research 2018; 46:1927-1944; doi:10.1093/nar/gkx1315
TAG	T	T	G	TAGTTG	0.02782776339313589	0.003321681657449825	percent_readthrough	COS-7_cultured_mammalian_cells	dual_luciferase_reporter_no_suppressor_tRNA	mean; two independent constructs per context; experiments in triplicate; standard error retained	Cridge AG et al. Nucleic Acids Research 2018; 46:1927-1944; doi:10.1093/nar/gkx1315
TAG	T	T	T	TAGTTT	0.04322112358885077	0.005220933550419987	percent_readthrough	COS-7_cultured_mammalian_cells	dual_luciferase_reporter_no_suppressor_tRNA	mean; two independent constructs per context; experiments in triplicate; standard error retained	Cridge AG et al. Nucleic Acids Research 2018; 46:1927-1944; doi:10.1093/nar/gkx1315
TGA	A	A	A	TGAAAA	0.10375857775208568	0.011335776281748571	percent_readthrough	COS-7_cultured_mammalian_cells	dual_luciferase_reporter_no_suppressor_tRNA	mean; two independent constructs per context; experiments in triplicate; standard error retained	Cridge AG et al. Nucleic Acids Research 2018; 46:1927-1944; doi:10.1093/nar/gkx1315
TGA	A	A	C	TGAAAC	0.12534887614507287	0.012033759848714033	percent_readthrough	COS-7_cultured_mammalian_cells	dual_luciferase_reporter_no_suppressor_tRNA	mean; two independent constructs per context; experiments in triplicate; standard error retained	Cridge AG et al. Nucleic Acids Research 2018; 46:1927-1944; doi:10.1093/nar/gkx1315
TGA	A	A	G	TGAAAG	0.1601225724751279	0.009181507344423976	percent_readthrough	COS-7_cultured_mammalian_cells	dual_luciferase_reporter_no_suppressor_tRNA	mean; two independent constructs per context; experiments in triplicate; standard error retained	Cridge AG et al. Nucleic Acids Research 2018; 46:1927-1944; doi:10.1093/nar/gkx1315
TGA	A	A	T	TGAAAT	0.19491070997716883	0.00923233565453192	percent_readthrough	COS-7_cultured_mammalian_cells	dual_luciferase_reporter_no_suppressor_tRNA	mean; two independent constructs per context; experiments in triplicate; standard error retained	Cridge AG et al. Nucleic Acids Research 2018; 46:1927-1944; doi:10.1093/nar/gkx1315
TGA	A	C	A	TGAACA	0.10006977507180977	0.009346998353028836	percent_readthrough	COS-7_cultured_mammalian_cells	dual_luciferase_reporter_no_suppressor_tRNA	mean; two independent constructs per context; experiments in triplicate; standard error retained	Cridge AG et al. Nucleic Acids Research 2018; 46:1927-1944; doi:10.1093/nar/gkx1315
TGA	A	C	C	TGAACC	0.13464289257395257	0.016579336080146743	percent_readthrough	COS-7_cultured_mammalian_cells	dual_luciferase_reporter_no_suppressor_tRNA	mean; two independent constructs per context; experiments in triplicate; standard error retained	Cridge AG et al. Nucleic Acids Research 2018; 46:1927-1944; doi:10.1093/nar/gkx1315
TGA	A	C	G	TGAACG	0.1224650363253779	0.01668785747368026	percent_readthrough	COS-7_cultured_mammalian_cells	dual_luciferase_reporter_no_suppressor_tRNA	mean; two independent constructs per context; experiments in triplicate; standard error retained	Cridge AG et al. Nucleic Acids Research 2018; 46:1927-1944; doi:10.1093/nar/gkx1315
TGA	A	C	T	TGAACT	0.2266614430715909	0.01967406305372195	percent_readthrough	COS-7_cultured_mammalian_cells	dual_luciferase_reporter_no_suppressor_tRNA	mean; two independent constructs per context; experiments in triplicate; standard error retained	Cridge AG et al. Nucleic Acids Research 2018; 46:1927-1944; doi:10.1093/nar/gkx1315
TGA	A	G	A	TGAAGA	0.13271410226414757	0.01765825694302299	percent_readthrough	COS-7_cultured_mammalian_cells	dual_luciferase_reporter_no_suppressor_tRNA	mean; two independent constructs per context; experiments in triplicate; standard error retained	Cridge AG et al. Nucleic Acids Research 2018; 46:1927-1944; doi:10.1093/nar/gkx1315
TGA	A	G	C	TGAAGC	0.25705360670578714	0.022170018935374312	percent_readthrough	COS-7_cultured_mammalian_cells	dual_luciferase_reporter_no_suppressor_tRNA	mean; two independent constructs per context; experiments in triplicate; standard error retained	Cridge AG et al. Nucleic Acids Research 2018; 46:1927-1944; doi:10.1093/nar/gkx1315
TGA	A	G	G	TGAAGG	0.24410094141185765	0.011809660855834236	percent_readthrough	COS-7_cultured_mammalian_cells	dual_luciferase_reporter_no_suppressor_tRNA	mean; two independent constructs per context; experiments in triplicate; standard error retained	Cridge AG et al. Nucleic Acids Research 2018; 46:1927-1944; doi:10.1093/nar/gkx1315
TGA	A	G	T	TGAAGT	0.2095529975359178	0.013858391033730736	percent_readthrough	COS-7_cultured_mammalian_cells	dual_luciferase_reporter_no_suppressor_tRNA	mean; two independent constructs per context; experiments in triplicate; standard error retained	Cridge AG et al. Nucleic Acids Research 2018; 46:1927-1944; doi:10.1093/nar/gkx1315
TGA	A	T	A	TGAATA	0.1370551387035906	0.00799413214408344	percent_readthrough	COS-7_cultured_mammalian_cells	dual_luciferase_reporter_no_suppressor_tRNA	mean; two independent constructs per context; experiments in triplicate; standard error retained	Cridge AG et al. Nucleic Acids Research 2018; 46:1927-1944; doi:10.1093/nar/gkx1315
TGA	A	T	C	TGAATC	0.1748368887075172	0.016492544397713256	percent_readthrough	COS-7_cultured_mammalian_cells	dual_luciferase_reporter_no_suppressor_tRNA	mean; two independent constructs per context; experiments in triplicate; standard error retained	Cridge AG et al. Nucleic Acids Research 2018; 46:1927-1944; doi:10.1093/nar/gkx1315
TGA	A	T	G	TGAATG	0.129	0.015	percent_readthrough	COS-7_cultured_mammalian_cells	dual_luciferase_reporter_no_suppressor_tRNA	mean; two independent constructs per context; experiments in triplicate; standard error retained	Cridge AG et al. Nucleic Acids Research 2018; 46:1927-1944; doi:10.1093/nar/gkx1315
TGA	A	T	T	TGAATT	0.16100431060060416	0.013224746217368275	percent_readthrough	COS-7_cultured_mammalian_cells	dual_luciferase_reporter_no_suppressor_tRNA	mean; two independent constructs per context; experiments in triplicate; standard error retained	Cridge AG et al. Nucleic Acids Research 2018; 46:1927-1944; doi:10.1093/nar/gkx1315
TGA	C	A	A	TGACAA	1.1890025433481901	0.032246131114073914	percent_readthrough	COS-7_cultured_mammalian_cells	dual_luciferase_reporter_no_suppressor_tRNA	mean; two independent constructs per context; experiments in triplicate; standard error retained	Cridge AG et al. Nucleic Acids Research 2018; 46:1927-1944; doi:10.1093/nar/gkx1315
TGA	C	A	C	TGACAC	1.111873831428507	0.11496276408781422	percent_readthrough	COS-7_cultured_mammalian_cells	dual_luciferase_reporter_no_suppressor_tRNA	mean; two independent constructs per context; experiments in triplicate; standard error retained	Cridge AG et al. Nucleic Acids Research 2018; 46:1927-1944; doi:10.1093/nar/gkx1315
TGA	C	A	G	TGACAG	1.4930937564614974	0.06180735921866443	percent_readthrough	COS-7_cultured_mammalian_cells	dual_luciferase_reporter_no_suppressor_tRNA	mean; two independent constructs per context; experiments in triplicate; standard error retained	Cridge AG et al. Nucleic Acids Research 2018; 46:1927-1944; doi:10.1093/nar/gkx1315
TGA	C	A	T	TGACAT	1.5835475949377509	0.07661187672646377	percent_readthrough	COS-7_cultured_mammalian_cells	dual_luciferase_reporter_no_suppressor_tRNA	mean; two independent constructs per context; experiments in triplicate; standard error retained	Cridge AG et al. Nucleic Acids Research 2018; 46:1927-1944; doi:10.1093/nar/gkx1315
TGA	C	C	A	TGACCA	0.9620522095476597	0.12051726127529272	percent_readthrough	COS-7_cultured_mammalian_cells	dual_luciferase_reporter_no_suppressor_tRNA	mean; two independent constructs per context; experiments in triplicate; standard error retained	Cridge AG et al. Nucleic Acids Research 2018; 46:1927-1944; doi:10.1093/nar/gkx1315
TGA	C	C	C	TGACCC	1.006884264108875	0.034746829821480786	percent_readthrough	COS-7_cultured_mammalian_cells	dual_luciferase_reporter_no_suppressor_tRNA	mean; two independent constructs per context; experiments in triplicate; standard error retained	Cridge AG et al. Nucleic Acids Research 2018; 46:1927-1944; doi:10.1093/nar/gkx1315
TGA	C	C	G	TGACCG	0.6305994870590336	0.018591850183249232	percent_readthrough	COS-7_cultured_mammalian_cells	dual_luciferase_reporter_no_suppressor_tRNA	mean; two independent constructs per context; experiments in triplicate; standard error retained	Cridge AG et al. Nucleic Acids Research 2018; 46:1927-1944; doi:10.1093/nar/gkx1315
TGA	C	C	T	TGACCT	0.6669492030370257	0.028855961290840452	percent_readthrough	COS-7_cultured_mammalian_cells	dual_luciferase_reporter_no_suppressor_tRNA	mean; two independent constructs per context; experiments in triplicate; standard error retained	Cridge AG et al. Nucleic Acids Research 2018; 46:1927-1944; doi:10.1093/nar/gkx1315
TGA	C	G	A	TGACGA	0.6393984705027816	0.0642278824969528	percent_readthrough	COS-7_cultured_mammalian_cells	dual_luciferase_reporter_no_suppressor_tRNA	mean; two independent constructs per context; experiments in triplicate; standard error retained	Cridge AG et al. Nucleic Acids Research 2018; 46:1927-1944; doi:10.1093/nar/gkx1315
TGA	C	G	C	TGACGC	2.863307962184248	0.08918044119716144	percent_readthrough	COS-7_cultured_mammalian_cells	dual_luciferase_reporter_no_suppressor_tRNA	mean; two independent constructs per context; experiments in triplicate; standard error retained	Cridge AG et al. Nucleic Acids Research 2018; 46:1927-1944; doi:10.1093/nar/gkx1315
TGA	C	G	G	TGACGG	1.1594174971536138	0.05208214598779271	percent_readthrough	COS-7_cultured_mammalian_cells	dual_luciferase_reporter_no_suppressor_tRNA	mean; two independent constructs per context; experiments in triplicate; standard error retained	Cridge AG et al. Nucleic Acids Research 2018; 46:1927-1944; doi:10.1093/nar/gkx1315
TGA	C	G	T	TGACGT	1.4310179837071078	0.032682876110613	percent_readthrough	COS-7_cultured_mammalian_cells	dual_luciferase_reporter_no_suppressor_tRNA	mean; two independent constructs per context; experiments in triplicate; standard error retained	Cridge AG et al. Nucleic Acids Research 2018; 46:1927-1944; doi:10.1093/nar/gkx1315
TGA	C	T	A	TGACTA	2.852551245452548	0.11997251146588164	percent_readthrough	COS-7_cultured_mammalian_cells	dual_luciferase_reporter_no_suppressor_tRNA	mean; two independent constructs per context; experiments in triplicate; standard error retained	Cridge AG et al. Nucleic Acids Research 2018; 46:1927-1944; doi:10.1093/nar/gkx1315
TGA	C	T	C	TGACTC	3.2710372491986854	0.47736820665368745	percent_readthrough	COS-7_cultured_mammalian_cells	dual_luciferase_reporter_no_suppressor_tRNA	mean; two independent constructs per context; experiments in triplicate; standard error retained	Cridge AG et al. Nucleic Acids Research 2018; 46:1927-1944; doi:10.1093/nar/gkx1315
TGA	C	T	G	TGACTG	2.051918322498865	0.1306053267990874	percent_readthrough	COS-7_cultured_mammalian_cells	dual_luciferase_reporter_no_suppressor_tRNA	mean; two independent constructs per context; experiments in triplicate; standard error retained	Cridge AG et al. Nucleic Acids Research 2018; 46:1927-1944; doi:10.1093/nar/gkx1315
TGA	C	T	T	TGACTT	1.2803652522868842	0.10056992908360736	percent_readthrough	COS-7_cultured_mammalian_cells	dual_luciferase_reporter_no_suppressor_tRNA	mean; two independent constructs per context; experiments in triplicate; standard error retained	Cridge AG et al. Nucleic Acids Research 2018; 46:1927-1944; doi:10.1093/nar/gkx1315
TGA	G	A	A	TGAGAA	0.049897365896734096	0.006987715818876082	percent_readthrough	COS-7_cultured_mammalian_cells	dual_luciferase_reporter_no_suppressor_tRNA	mean; two independent constructs per context; experiments in triplicate; standard error retained	Cridge AG et al. Nucleic Acids Research 2018; 46:1927-1944; doi:10.1093/nar/gkx1315
TGA	G	A	C	TGAGAC	0.2378434784826812	0.029790707551725224	percent_readthrough	COS-7_cultured_mammalian_cells	dual_luciferase_reporter_no_suppressor_tRNA	mean; two independent constructs per context; experiments in triplicate; standard error retained	Cridge AG et al. Nucleic Acids Research 2018; 46:1927-1944; doi:10.1093/nar/gkx1315
TGA	G	A	G	TGAGAG	0.14806453500929942	0.016065121550062404	percent_readthrough	COS-7_cultured_mammalian_cells	dual_luciferase_reporter_no_suppressor_tRNA	mean; two independent constructs per context; experiments in triplicate; standard error retained	Cridge AG et al. Nucleic Acids Research 2018; 46:1927-1944; doi:10.1093/nar/gkx1315
TGA	G	A	T	TGAGAT	0.12917630682485948	0.015850440023245854	percent_readthrough	COS-7_cultured_mammalian_cells	dual_luciferase_reporter_no_suppressor_tRNA	mean; two independent constructs per context; experiments in triplicate; standard error retained	Cridge AG et al. Nucleic Acids Research 2018; 46:1927-1944; doi:10.1093/nar/gkx1315
TGA	G	C	A	TGAGCA	0.10460751238409928	0.003913974857270483	percent_readthrough	COS-7_cultured_mammalian_cells	dual_luciferase_reporter_no_suppressor_tRNA	mean; two independent constructs per context; experiments in triplicate; standard error retained	Cridge AG et al. Nucleic Acids Research 2018; 46:1927-1944; doi:10.1093/nar/gkx1315
TGA	G	C	C	TGAGCC	0.09642622961622312	0.014850916047972416	percent_readthrough	COS-7_cultured_mammalian_cells	dual_luciferase_reporter_no_suppressor_tRNA	mean; two independent constructs per context; experiments in triplicate; standard error retained	Cridge AG et al. Nucleic Acids Research 2018; 46:1927-1944; doi:10.1093/nar/gkx1315
TGA	G	C	G	TGAGCG	0.1427564268075747	0.027144083613851195	percent_readthrough	COS-7_cultured_mammalian_cells	dual_luciferase_reporter_no_suppressor_tRNA	mean; two independent constructs per context; experiments in triplicate; standard error retained	Cridge AG et al. Nucleic Acids Research 2018; 46:1927-1944; doi:10.1093/nar/gkx1315
TGA	G	C	T	TGAGCT	0.21141910571240272	0.019280347416497423	percent_readthrough	COS-7_cultured_mammalian_cells	dual_luciferase_reporter_no_suppressor_tRNA	mean; two independent constructs per context; experiments in triplicate; standard error retained	Cridge AG et al. Nucleic Acids Research 2018; 46:1927-1944; doi:10.1093/nar/gkx1315
TGA	G	G	A	TGAGGA	0.09600533314506336	0.005572657777512935	percent_readthrough	COS-7_cultured_mammalian_cells	dual_luciferase_reporter_no_suppressor_tRNA	mean; two independent constructs per context; experiments in triplicate; standard error retained	Cridge AG et al. Nucleic Acids Research 2018; 46:1927-1944; doi:10.1093/nar/gkx1315
TGA	G	G	C	TGAGGC	0.09584051978021735	0.00600600986668746	percent_readthrough	COS-7_cultured_mammalian_cells	dual_luciferase_reporter_no_suppressor_tRNA	mean; two independent constructs per context; experiments in triplicate; standard error retained	Cridge AG et al. Nucleic Acids Research 2018; 46:1927-1944; doi:10.1093/nar/gkx1315
TGA	G	G	G	TGAGGG	0.08959790544706475	0.00658758211573174	percent_readthrough	COS-7_cultured_mammalian_cells	dual_luciferase_reporter_no_suppressor_tRNA	mean; two independent constructs per context; experiments in triplicate; standard error retained	Cridge AG et al. Nucleic Acids Research 2018; 46:1927-1944; doi:10.1093/nar/gkx1315
TGA	G	G	T	TGAGGT	0.104265202637568	0.015461566424210912	percent_readthrough	COS-7_cultured_mammalian_cells	dual_luciferase_reporter_no_suppressor_tRNA	mean; two independent constructs per context; experiments in triplicate; standard error retained	Cridge AG et al. Nucleic Acids Research 2018; 46:1927-1944; doi:10.1093/nar/gkx1315
TGA	G	T	A	TGAGTA	0.07493941989708683	0.0018350608492317465	percent_readthrough	COS-7_cultured_mammalian_cells	dual_luciferase_reporter_no_suppressor_tRNA	mean; two independent constructs per context; experiments in triplicate; standard error retained	Cridge AG et al. Nucleic Acids Research 2018; 46:1927-1944; doi:10.1093/nar/gkx1315
TGA	G	T	C	TGAGTC	0.07992842762998674	0.008254099450383124	percent_readthrough	COS-7_cultured_mammalian_cells	dual_luciferase_reporter_no_suppressor_tRNA	mean; two independent constructs per context; experiments in triplicate; standard error retained	Cridge AG et al. Nucleic Acids Research 2018; 46:1927-1944; doi:10.1093/nar/gkx1315
TGA	G	T	G	TGAGTG	0.06247907008412539	0.009144617591714893	percent_readthrough	COS-7_cultured_mammalian_cells	dual_luciferase_reporter_no_suppressor_tRNA	mean; two independent constructs per context; experiments in triplicate; standard error retained	Cridge AG et al. Nucleic Acids Research 2018; 46:1927-1944; doi:10.1093/nar/gkx1315
TGA	G	T	T	TGAGTT	0.1096778740881154	0.008258730073692733	percent_readthrough	COS-7_cultured_mammalian_cells	dual_luciferase_reporter_no_suppressor_tRNA	mean; two independent constructs per context; experiments in triplicate; standard error retained	Cridge AG et al. Nucleic Acids Research 2018; 46:1927-1944; doi:10.1093/nar/gkx1315
TGA	T	A	A	TGATAA	0.056326957403601045	0.003944646564155272	percent_readthrough	COS-7_cultured_mammalian_cells	dual_luciferase_reporter_no_suppressor_tRNA	mean; two independent constructs per context; experiments in triplicate; standard error retained	Cridge AG et al. Nucleic Acids Research 2018; 46:1927-1944; doi:10.1093/nar/gkx1315
TGA	T	A	C	TGATAC	0.17894461950152576	0.015369333242304018	percent_readthrough	COS-7_cultured_mammalian_cells	dual_luciferase_reporter_no_suppressor_tRNA	mean; two independent constructs per context; experiments in triplicate; standard error retained	Cridge AG et al. Nucleic Acids Research 2018; 46:1927-1944; doi:10.1093/nar/gkx1315
TGA	T	A	G	TGATAG	0.058852262223215934	0.007767214840364291	percent_readthrough	COS-7_cultured_mammalian_cells	dual_luciferase_reporter_no_suppressor_tRNA	mean; two independent constructs per context; experiments in triplicate; standard error retained	Cridge AG et al. Nucleic Acids Research 2018; 46:1927-1944; doi:10.1093/nar/gkx1315
TGA	T	A	T	TGATAT	0.2565227133097839	0.016458998783816216	percent_readthrough	COS-7_cultured_mammalian_cells	dual_luciferase_reporter_no_suppressor_tRNA	mean; two independent constructs per context; experiments in triplicate; standard error retained	Cridge AG et al. Nucleic Acids Research 2018; 46:1927-1944; doi:10.1093/nar/gkx1315
TGA	T	C	A	TGATCA	0.1272102165322783	0.009131266599861793	percent_readthrough	COS-7_cultured_mammalian_cells	dual_luciferase_reporter_no_suppressor_tRNA	mean; two independent constructs per context; experiments in triplicate; standard error retained	Cridge AG et al. Nucleic Acids Research 2018; 46:1927-1944; doi:10.1093/nar/gkx1315
TGA	T	C	C	TGATCC	0.17866830769178946	0.007276277471529152	percent_readthrough	COS-7_cultured_mammalian_cells	dual_luciferase_reporter_no_suppressor_tRNA	mean; two independent constructs per context; experiments in triplicate; standard error retained	Cridge AG et al. Nucleic Acids Research 2018; 46:1927-1944; doi:10.1093/nar/gkx1315
TGA	T	C	G	TGATCG	0.2181796264321628	0.032665337190508	percent_readthrough	COS-7_cultured_mammalian_cells	dual_luciferase_reporter_no_suppressor_tRNA	mean; two independent constructs per context; experiments in triplicate; standard error retained	Cridge AG et al. Nucleic Acids Research 2018; 46:1927-1944; doi:10.1093/nar/gkx1315
TGA	T	C	T	TGATCT	0.18616895948827863	0.0234000008042436	percent_readthrough	COS-7_cultured_mammalian_cells	dual_luciferase_reporter_no_suppressor_tRNA	mean; two independent constructs per context; experiments in triplicate; standard error retained	Cridge AG et al. Nucleic Acids Research 2018; 46:1927-1944; doi:10.1093/nar/gkx1315
TGA	T	G	A	TGATGA	0.1519937051547087	0.021216994839206207	percent_readthrough	COS-7_cultured_mammalian_cells	dual_luciferase_reporter_no_suppressor_tRNA	mean; two independent constructs per context; experiments in triplicate; standard error retained	Cridge AG et al. Nucleic Acids Research 2018; 46:1927-1944; doi:10.1093/nar/gkx1315
TGA	T	G	C	TGATGC	0.6261473039660278	0.05738904748599236	percent_readthrough	COS-7_cultured_mammalian_cells	dual_luciferase_reporter_no_suppressor_tRNA	mean; two independent constructs per context; experiments in triplicate; standard error retained	Cridge AG et al. Nucleic Acids Research 2018; 46:1927-1944; doi:10.1093/nar/gkx1315
TGA	T	G	G	TGATGG	0.3324059523993857	0.04613984523932739	percent_readthrough	COS-7_cultured_mammalian_cells	dual_luciferase_reporter_no_suppressor_tRNA	mean; two independent constructs per context; experiments in triplicate; standard error retained	Cridge AG et al. Nucleic Acids Research 2018; 46:1927-1944; doi:10.1093/nar/gkx1315
TGA	T	G	T	TGATGT	0.410061015056937	0.018636472940782065	percent_readthrough	COS-7_cultured_mammalian_cells	dual_luciferase_reporter_no_suppressor_tRNA	mean; two independent constructs per context; experiments in triplicate; standard error retained	Cridge AG et al. Nucleic Acids Research 2018; 46:1927-1944; doi:10.1093/nar/gkx1315
TGA	T	T	A	TGATTA	0.21934826300102567	0.0300866760707228	percent_readthrough	COS-7_cultured_mammalian_cells	dual_luciferase_reporter_no_suppressor_tRNA	mean; two independent constructs per context; experiments in triplicate; standard error retained	Cridge AG et al. Nucleic Acids Research 2018; 46:1927-1944; doi:10.1093/nar/gkx1315
TGA	T	T	C	TGATTC	0.27742960750464657	0.03347166798239	percent_readthrough	COS-7_cultured_mammalian_cells	dual_luciferase_reporter_no_suppressor_tRNA	mean; two independent constructs per context; experiments in triplicate; standard error retained	Cridge AG et al. Nucleic Acids Research 2018; 46:1927-1944; doi:10.1093/nar/gkx1315
TGA	T	T	G	TGATTG	0.3066241818606152	0.013726024404968435	percent_readthrough	COS-7_cultured_mammalian_cells	dual_luciferase_reporter_no_suppressor_tRNA	mean; two independent constructs per context; experiments in triplicate; standard error retained	Cridge AG et al. Nucleic Acids Research 2018; 46:1927-1944; doi:10.1093/nar/gkx1315
TGA	T	T	T	TGATTT	0.23374235746968736	0.03491869564644646	percent_readthrough	COS-7_cultured_mammalian_cells	dual_luciferase_reporter_no_suppressor_tRNA	mean; two independent constructs per context; experiments in triplicate; standard error retained	Cridge AG et al. Nucleic Acids Research 2018; 46:1927-1944; doi:10.1093/nar/gkx1315
