codon,Input1,Input2,Input3,IP1,IP2,IP3,Input_Avg,IP_Avg,Fold_Change
AAA,0.030737605,0.035137677,0.035903431,0.038162835,0.027726043,0.067959965,0.033926238,0.044616281,1.315096638
AAC,0.016218047,0.0161192,0.015387309,0.015981125,0.014700501,0.017332874,0.015908185,0.016004834,1.006075394
AAG,0.018888993,0.02019283,0.019915909,0.019436663,0.016830997,0.019971834,0.019665911,0.018746498,0.953248405
AAT,0.017903816,0.018397775,0.019777399,0.021426691,0.016656676,0.038844581,0.018692997,0.02564265,1.371778426
ACA,0.016564634,0.016738672,0.016065053,0.016305921,0.01613947,0.01604374,0.01645612,0.016163044,0.98219046
ACC,0.014125276,0.013449993,0.013356256,0.013255723,0.018334924,0.009451436,0.013643842,0.013680694,1.002701046
ACG,0.006431998,0.00627408,0.006381506,0.006187488,0.006153851,0.003694189,0.006362528,0.005345176,0.840102579
ACT,0.014584212,0.014800898,0.015034064,0.015459881,0.013864255,0.014957501,0.014806391,0.014760545,0.996903638
AGA,0.016538136,0.017756772,0.01781168,0.018364051,0.015485767,0.017104286,0.017368863,0.016984701,0.977882172
AGC,0.014601701,0.01584176,0.01485461,0.01521039,0.01606711,0.010776453,0.015099357,0.014017985,0.928382906
AGG,0.014626078,0.015090026,0.014508333,0.01556007,0.015449587,0.011402857,0.014741479,0.014137505,0.959028898
AGT,0.012028265,0.012957861,0.013141521,0.013411572,0.01151257,0.013422944,0.012709216,0.012782362,1.005755377
ATA,0.01513165,0.014263243,0.014703468,0.014816838,0.014006507,0.02573484,0.014699454,0.018186062,1.237193033
ATC,0.016798871,0.014979912,0.015115515,0.014508413,0.014365838,0.014158326,0.015631433,0.014344192,0.917650523
ATG,0.01544909,0.015910043,0.016220986,0.015295518,0.01491758,0.015751359,0.01586004,0.015321486,0.966043345
ATT,0.01870563,0.018588477,0.020637645,0.022596872,0.01677426,0.039810768,0.019310584,0.026393967,1.366813493
CAA,0.019506384,0.020632674,0.020439026,0.021492174,0.02092589,0.018897998,0.020192695,0.020438687,1.012182269
CAC,0.013941383,0.013721282,0.0133519,0.012767875,0.013940726,0.010612543,0.013671522,0.012440381,0.909948524
CAG,0.023612963,0.021063905,0.020522655,0.020839963,0.022464353,0.015339811,0.021733175,0.019548042,0.899456372
CAT,0.016515348,0.015599999,0.016264108,0.015324986,0.015269511,0.016824309,0.016126485,0.015806268,0.980143424
CCA,0.0223803,0.021738743,0.021341959,0.020156321,0.022501355,0.012908176,0.021820334,0.018521951,0.848839008
CCC,0.016301779,0.015428368,0.014989636,0.016155965,0.019371804,0.007890742,0.015573261,0.014472837,0.929338886
CCG,0.009428333,0.009176434,0.008990994,0.008180791,0.01039593,0.004344958,0.009198587,0.00764056,0.830623201
CCT,0.020411008,0.018012066,0.01834438,0.018041875,0.022711855,0.011389124,0.018922485,0.017380951,0.918534318
CGA,0.008481313,0.008265373,0.008148605,0.006733616,0.007586241,0.00492086,0.00829843,0.006413573,0.772865756
CGC,0.008808292,0.00820078,0.00812944,0.006554193,0.009314648,0.003857214,0.008379504,0.006575352,0.784694588
CGG,0.010076461,0.010232674,0.009580753,0.007870401,0.010673034,0.004070297,0.009963296,0.007537911,0.756567997
CGT,0.006602642,0.006389731,0.006245609,0.00614427,0.006336395,0.003559074,0.006412661,0.005346579,0.833753661
CTA,0.011676379,0.011766899,0.011750752,0.011153064,0.00953666,0.011080795,0.011731343,0.010590173,0.902724676
CTC,0.014533867,0.01484519,0.014680818,0.01482797,0.015980772,0.011457789,0.014686625,0.014088844,0.959297563
CTG,0.018772934,0.018077889,0.018361803,0.018134861,0.020947269,0.01176789,0.018404208,0.016950007,0.920985372
CTT,0.01755352,0.017160676,0.018426702,0.018694741,0.01618305,0.017999149,0.017713633,0.017625646,0.995032849
GAA,0.021559408,0.021458227,0.02150399,0.020865502,0.018089889,0.02126274,0.021507208,0.02007271,0.933301516
GAC,0.012565634,0.012807145,0.011948065,0.011403864,0.013213019,0.007760942,0.012440281,0.010792608,0.867553409
GAG,0.016534427,0.017196356,0.016786789,0.016518086,0.01650209,0.011596449,0.01683919,0.014872208,0.88319021
GAT,0.013546041,0.013442611,0.014294905,0.014750045,0.015915813,0.013846453,0.013761186,0.014837437,1.078209192
GCA,0.014971075,0.014899325,0.014939545,0.013302216,0.020536957,0.010281177,0.014936649,0.014706783,0.984610667
GCC,0.01754716,0.01693368,0.016446175,0.014695039,0.01901494,0.008073701,0.016975672,0.013927893,0.820461998
GCG,0.008737809,0.00882825,0.008422578,0.006528,0.00958353,0.003689316,0.008662879,0.006600282,0.761903993
GCT,0.0159748,0.015629527,0.015647779,0.013941985,0.016613918,0.011376277,0.015750702,0.013977393,0.887413991
GGA,0.017738472,0.017344611,0.016813359,0.016899852,0.019635752,0.011677518,0.017298814,0.01607104,0.929025581
GGC,0.01755458,0.017276942,0.016442255,0.013976691,0.019410451,0.007702466,0.017091259,0.013696536,0.801376649
GGG,0.013825854,0.013939666,0.012775208,0.013946568,0.015605818,0.006951136,0.013513576,0.012167841,0.900416044
GGT,0.013787168,0.012303939,0.012106176,0.012413612,0.013212197,0.00891186,0.012732428,0.011512556,0.904191765
GTA,0.009275177,0.009132142,0.009238396,0.009428897,0.00762571,0.008905658,0.009215239,0.008653422,0.939033923
GTC,0.010437357,0.010407382,0.010194904,0.009939009,0.01079473,0.007439323,0.010346547,0.009391021,0.907647787
GTG,0.013471318,0.01388184,0.013152846,0.014145637,0.015023653,0.010008289,0.013502001,0.013059193,0.967204223
GTT,0.012919641,0.013187317,0.012936368,0.015086627,0.013851099,0.01468284,0.013014442,0.014540189,1.11723488
TAA,0.017776098,0.018329492,0.018699368,0.01875433,0.01442093,0.034741502,0.018268319,0.022638921,1.239244858
TAC,0.010786064,0.010703276,0.01082517,0.010765405,0.008975874,0.01025947,0.010771503,0.01000025,0.928398677
TAG,0.010317058,0.011176339,0.010914026,0.01076475,0.008871446,0.011419691,0.010802475,0.010351962,0.95829545
TAT,0.01481633,0.012803454,0.013256075,0.01418951,0.013231109,0.023785633,0.013625286,0.017068751,1.252726034
TCA,0.020241954,0.021373334,0.021327149,0.021051474,0.018664654,0.022127036,0.020980812,0.020614388,0.982535252
TCC,0.019406753,0.017683567,0.017349978,0.017530453,0.019659598,0.011696124,0.018146766,0.016295392,0.897977704
TCG,0.006975726,0.006760061,0.006896783,0.005964846,0.006990097,0.004243954,0.006877523,0.005732966,0.833579966
TCT,0.019942532,0.019936921,0.020726937,0.01981188,0.018990272,0.018302162,0.02020213,0.019034771,0.942216057
TGA,0.022210186,0.023549177,0.023005393,0.022379469,0.021736646,0.020402431,0.022921585,0.021506182,0.938250198
TGC,0.01576229,0.015360084,0.015927413,0.014626937,0.018961492,0.012568837,0.015683263,0.015385755,0.981030268
TGG,0.02122554,0.021193705,0.020408101,0.018106048,0.021460364,0.012118304,0.020942449,0.017228239,0.822646816
TGT,0.014993863,0.015022358,0.014938674,0.017098265,0.015141237,0.014353247,0.014984965,0.015530916,1.036433251
TTA,0.016516938,0.016963823,0.017687544,0.019575487,0.014016375,0.03656401,0.017056102,0.02338529,1.371080634
TTC,0.018063331,0.018771181,0.018765574,0.019977552,0.016566227,0.020996496,0.018533362,0.019180092,1.034895433
TTG,0.016233415,0.017723553,0.017799049,0.018338513,0.015933903,0.018793893,0.017252006,0.01768877,1.025316706
TTT,0.026349093,0.027168815,0.029439603,0.034170337,0.028624782,0.060122384,0.027652503,0.040972501,1.481692289
